channel,visitors,leads,mqls,sqls,opportunities,customers,cost,revenue,lead_to_customer_conversion_rate,visitor_to_customer_conversion_rate,cac,roi
Referral,86987,18370,11261,6427,3168,1082,15318.91,1921118.54,0.05890038105606968,0.012438640256590066,14.157957486136784,124.408305160093
Email,118158,20026,11464,6240,2909,901,38130.04,1370759.48,0.04499151103565365,0.007625382961796916,42.31968923418424,34.949594597855125
Paid Search,176207,24187,11877,5233,1875,435,233241.63,654593.73,0.017984867904246082,0.0024686873960739356,536.1876551724138,1.8065046964386244
Organic,136111,15167,7877,3814,1494,396,75052.28,555966.24,0.026109316278763103,0.002909390130114392,189.5259595959596,6.4077195256426585
Paid Social,218007,16834,7178,3021,987,232,376675.75,310066.76,0.0137816324105976,0.0010641860123757495,1623.6023706896551,-0.17683376219467273
