stage,total_count,total_cost,total_revenue,stage_order,stage_to_stage_conversion_rate,stage_drop_off_rate,overall_conversion_from_visitor
Visitor,735470,738418.61,0.0,1,1.0,0.0,1.0
Lead,94584,0.0,0.0,2,0.12860347804805092,0.871396521951949,0.12860347804805092
MQL,49657,0.0,0.0,3,0.5250042290450816,0.4749957709549184,0.06751736984513304
SQL,24735,0.0,0.0,4,0.49811708319068815,0.5018829168093119,0.033631555331964595
Opportunity,10433,0.0,0.0,5,0.4217909844350111,0.5782090155649888,0.014185486831549894
Customer,3046,0.0,4812504.75,6,0.29195820952746093,0.7080417904725391,0.004141569336614682
